Name,PlayerID,IP,BB,Hard Hits,WHHIP
Fernando Abad,472551,17.66,7,14,1.189
Cory Abbott,676265,17.33,11,13,1.385
Albert Abreu,656061,36.66,19,14,0.9
Bryan Abreu,650556,36,18,20,1.056
Domingo Acevedo,642758,11,4,6,0.909
Jason Adam,592094,10.66,6,7,1.22
Austin Adams,613534,52.66,35,10,0.855
Joan Adon,672851,5.33,3,4,1.313
Miguel Aguilar,620396,7,4,5,1.286
Keegan Akin,669211,95,40,68,1.137
R. J. Alaniz,595798,2.66,3,1,1.504
Andrew Albers,452027,19,9,17,1.368
Hanser Alberto,593643,0.33,0,0,0
Jorge Alcala,660896,59.66,13,23,0.603
Sandy Alcantara,645261,205.66,50,109,0.773
Sergio Alcantara,642727,0.33,0,0,0
Scott Alexander,518397,15.33,4,8,0.783
Tyler Alexander,641302,106.33,28,67,0.893
A. J. Alexy,669935,23,17,6,1
Kolby Allard,663465,124.66,31,82,0.906
Logan Allen,663531,50.33,17,36,1.053
Nick Allgeyer,680430,1,0,0,0
Yency Almonte,622075,47.66,29,25,1.133
Albert Almora,546991,1,1,1,2
Dan Altavilla,656186,1.33,0,1,0.752
Jose Alvarado,621237,55.66,47,25,1.294
Jose Alvarez,501625,64.66,19,23,0.65
Adbert Alzolay,640470,125.66,34,64,0.78
Brett Anderson,474463,96,28,75,1.073
Chase Anderson,502624,48,20,31,1.062
Drew Anderson,623454,22,6,11,0.773
Ian Anderson,666120,128.33,53,61,0.888
Nick Anderson,623433,6,2,2,0.667
Shaun Anderson,641312,23.33,12,22,1.457
Tanner Anderson,664196,5,0,3,0.6
Tyler Anderson,542881,167,38,91,0.772
Matt Andriese,542882,48.33,13,41,1.117
Tejay Antone,622088,33.66,13,11,0.713
Jonathan Arauz,660620,1,0,1,1
Chris Archer,502042,19.33,8,12,1.035
Kohei Arihara,685503,40.66,13,32,1.107
Shawn Armstrong,542888,36,15,24,1.083
Jake Arrieta,453562,98.66,44,81,1.267
Christian Arroyo,624414,1,1,1,2
Aaron Ashby,676879,31.66,12,15,0.853
Willians Astudillo,553902,4,2,1,0.75
Pedro Avila,658648,4,3,2,1.25
Luis Avilan,501593,5,3,4,1.4
John Axford,446099,0.33,1,2,9.091
Pedro Baez,520980,4.33,1,1,0.462
Bryan Baker,641329,1,0,0,0
Alberto Baldonado,593604,10.66,7,5,1.126
Anthony Banda,607455,33.66,13,23,1.07
Caleb Baragar,670056,23,12,11,1
Daniel Bard,453268,65.66,36,42,1.188
Joe Barlow,669618,29,12,6,0.621
Scott Barlow,605130,74.33,28,36,0.861
Charlie Barnes,656212,38,16,28,1.158
Jacob Barnes,606930,28.66,11,17,0.977
Matt Barnes,598264,54.66,20,27,0.86
Kyle Barraclough,607457,13,8,7,1.154
Manny Barreda,518435,2.66,2,3,1.88
Jaime Barria,642545,56.66,19,46,1.147
Anthony Bass,542914,61.33,24,33,0.929
Chris Bassitt,605135,157.33,39,71,0.699
Trevor Bauer,545333,107.66,37,47,0.78
Mike Baumann,657508,10,6,12,1.8
Shane Baz,669358,13.33,3,4,0.525
Eduard Bazardo,660825,3,2,0,0.667
Jeremy Beasley,676886,9.33,9,6,1.608
David Bednar,670280,60.66,19,22,0.676
Cam Bedrosian,592135,25,17,17,1.36
Tyler Beede,595881,1,0,1,1
Andrew Bellatti,571479,3.33,2,3,1.502
Anthony Bemboom,621532,1,0,3,3
Anthony Bender,669622,61.33,20,22,0.685
Wes Benjamin,605138,22.66,17,17,1.5
Travis Bergen,664157,10.66,8,3,1.032
Jose Berrios,621244,192,45,88,0.693
Dellin Betances,476454,1,1,0,1
Alec Bettinger,676424,10,3,8,1.1
Joe Biagini,607352,3,1,1,0.667
Phil Bickford,641360,51.33,19,25,0.857
Jesse Biddle,592145,10.66,8,5,1.22
Shane Bieber,669456,96.66,33,58,0.941
Brandon Bielak,656232,50,21,26,0.94
Paul Blackburn,621112,38.33,10,34,1.148
Alex Blandino,607468,3.66,4,1,1.366
Richard Bleier,542947,58,6,29,0.603
Scott Blewett,656240,5,5,2,1.4
Ronald Bolanos,671790,6.33,2,2,0.632
Ryan Borucki,621366,23.66,11,12,0.972
Akeem Bostick,641384,1,1,0,1
Ben Bowden,641386,35.66,21,28,1.374
Brad Boxberger,502202,64.66,25,25,0.773
Matt Boyd,571510,78.66,23,44,0.852
Brad Brach,542960,30,18,15,1.1
Archie Bradley,605151,51,22,31,1.039
Ryan Brasier,518489,12,4,3,0.583
Steven Brault,643230,27.66,12,20,1.157
John Brebbia,605154,18.33,4,13,0.927
Brandon Brennan,592165,3,2,1,1
Jake Brentz,641394,64,37,23,0.938
Colten Brewer,605155,1,3,2,5
Austin Brice,592169,13.66,7,13,1.464
Zack Britton,502154,18.33,14,7,1.146
Connor Brogdon,641401,57.66,18,26,0.763
Rex Brothers,571521,53,35,28,1.189
JT Brubaker,664141,124.33,38,78,0.933
Justin Bruihl,677865,18.66,7,7,0.75
Kris Bubic,663460,130,59,81,1.077
Ryan Buchter,488748,16.33,13,12,1.531
Walker Buehler,621111,207.66,52,87,0.669
J. B. Bukauskas,656266,17.33,7,14,1.212
Madison Bumgarner,518516,146.33,39,84,0.841
Aaron Bummer,607481,56.33,29,27,0.994
Dylan Bundy,605164,90.66,34,53,0.96
Zack Burdi,641420,10,5,10,1.5
Corbin Burnes,669203,167,34,52,0.515
Andy Burns,542992,1,0,2,2
Ryan Burr,621114,36.66,21,21,1.146
Beau Burrows,663366,11,10,10,1.818
Matt Bush,456713,4,1,3,1
Asdrubal Cabrera,452678,1.33,0,0,0
Edward Cabrera,665795,26.33,19,17,1.367
Genesis Cabrera,650893,70,36,29,0.929
Trevor Cahill,502239,37,14,26,1.081
Dan Camarena,547176,9.33,3,12,1.608
Paul Campbell,669294,26.66,10,18,1.05
Griffin Canning,656288,62.66,28,39,1.069
Drew Carlton,656290,3.66,4,4,2.186
Matt Carpenter,572761,1.33,0,0,0
Carlos Carrasco,471911,53.66,18,37,1.025
Daniel Castano,641447,20.33,8,12,0.984
Ryan Castellani,624418,3.33,4,4,2.402
Humberto Castellanos,528748,45.66,15,29,0.964
Diego Castillo,650895,58.33,17,27,0.754
Luis Castillo,622491,187.66,75,94,0.901
Anthony Castro,621593,24.66,8,16,0.973
Harold Castro,605612,2.66,3,0,1.128
Kervin Castro,665645,13.33,4,6,0.75
Miguel Castro,612434,70.33,43,27,0.995
Dylan Cease,656302,165.66,68,81,0.899
Luis Cessa,570666,64.66,19,29,0.742
Jhoulys Chacin,468504,64.33,28,27,0.855
Andrew Chafin,605177,68.66,19,22,0.597
Aroldis Chapman,547973,56.33,38,25,1.118
j. t. Chargois,608638,53.66,20,27,0.876
Tyler Chatwood,543022,32,21,16,1.156
Jesse Chavez,445926,33.66,11,16,0.802
Adam Cimber,643256,71.66,16,38,0.754
Steve Cishek,518553,68.33,41,27,0.995
Jose Cisnero,542585,61.66,31,24,0.892
Aaron Civale,650644,124.33,31,69,0.804
Taylor Clarke,664199,43.33,14,32,1.062
Emmanuel Clase,661403,69.66,16,27,0.617
Alex Claudio,592222,32.66,15,22,1.133
Sam Clay,621348,45,22,33,1.222
Garrett Cleavinger,664076,18,12,15,1.5
Tyler Clippard,461325,25.33,11,14,0.987
Alex Cobb,502171,93.33,33,41,0.793
Kyle Cody,621129,11.33,2,12,1.236
A. J. Cole,595918,8,1,5,0.75
Gerrit Cole,543037,181.33,41,81,0.673
Dylan Coleman,669395,6.33,1,2,0.474
Alex Colome,517008,65,23,44,1.031
Adam Conley,543045,19.66,6,9,0.763
Roansy Contreras,672710,3,1,3,1.333
Sam Coonrod,656322,42.33,15,20,0.827
Patrick Corbin,571578,171.66,60,112,1.002
Nestor Cortes,641482,93,25,43,0.731
Jharel Cotton,605194,30.66,15,11,0.848
Danny Coulombe,543056,34.33,7,19,0.757
Jake Cousins,664776,30,19,10,0.967
Kutter Crawford,676710,2,2,3,2.5
Stefan Crichton,592233,23.33,12,20,1.372
Kyle Crick,605195,24.33,19,4,0.945
Nabil Crismatt,622503,81.33,24,48,0.885
Cooper Criswell,681867,1.33,0,6,4.511
Garrett Crochet,676979,54.33,27,23,0.92
Jake Cronenworth,630105,0.66,0,0,0
Hans Crouse,668968,7,7,4,1.571
Wil Crowe,640444,116.66,57,73,1.114
Johnny Cueto,456501,114.66,30,64,0.82
Charlie Culberson,518586,2,0,0,0
John Curtiss,595928,44.33,12,25,0.835
Yu Darvish,506433,166.33,44,77,0.727
Tucker Davidson,656353,20,8,12,1
Zach Davies,605200,148,75,105,1.216
Austin Davis,656354,26.33,12,17,1.101
Wade Davis,451584,42.66,19,25,1.031
Grant Dayton,594795,13,6,7,1
Brett de Geus,676969,50,25,35,1.2
Chase De Jong,608328,43.66,19,38,1.306
Jose De Leon,592254,18.33,11,16,1.473
Enyel De Los Santos,660853,35.33,18,31,1.387
Jacob deGrom,594798,92,11,25,0.391
Miguel Del Pozo,600887,5.33,2,4,1.126
Anthony DeSclafani,543101,167.66,42,84,0.752
Reid Detmers,672282,20.66,11,17,1.355
Ross Detwiler,446321,52.33,20,27,0.898
Chris Devenski,606965,7.33,2,6,1.091
Edwin Díaz,621242,62.66,23,19,0.67
Jhonathan Diaz,646242,13,7,6,1
Miguel Diaz,622766,42,19,24,1.024
Yennsy Díaz,660546,25,12,18,1.2
Brandon Dickson,505447,2,0,5,2.5
Jake Diekman,518617,60.66,34,26,0.989
Wilmer Difo,594694,2,3,4,3.5
Marcos Diplan,650959,30,15,13,0.933
Randy Dobnak,677976,50.66,12,49,1.204
Kyle Dohy,675971,1,1,1,2
Rafael Dolis,503569,32,27,12,1.219
Seranthony Dominguez,622554,1,0,0,0
Sean Doolittle,448281,49.66,23,33,1.128
Camilo Doval,666808,27,9,9,0.667
Brandon Drury,592273,0.66,1,2,4.545
Tyler Duffey,608648,62.33,28,28,0.898
Danny Duffy,518633,61,22,31,0.869
Matt Duffy,592274,0.33,0,0,0
Robert Dugger,667498,25.66,12,19,1.208
Justin Dunn,643290,50.33,29,19,0.954
Dane Dunning,641540,117.66,43,78,1.028
Jon Duplantier,641541,13,8,13,1.615
Adam Eaton,594809,1,0,1,1
Carl Edwards,605218,5.66,3,8,1.943
Scott Effross,664123,14.66,1,5,0.409
Zach Eflin,621107,105.66,16,63,0.748
Jerad Eickhoff,595191,19.66,10,22,1.628
Seth Elledge,676220,11.66,7,7,1.201
Chris Ellis,595939,29.33,14,18,1.091
Kent Emanuel,592288,17.66,4,5,0.51
Dietrich Enns,608650,22.33,6,10,0.717
Nathan Eovaldi,543135,182.33,35,96,0.718
Thomas Eshelman,664045,27.66,10,19,1.048
Raynel Espinal,642659,2,1,1,1
Paolo Espino,502179,109.66,25,77,0.93
Carlos Estevez,608032,61.66,21,37,0.941
Demarcus Evans,663770,26.33,16,10,0.987
Phillip Evans,595943,1,0,0,0
Pete Fairbanks,664126,42.66,21,21,0.985
Bailey Falter,663559,33.66,6,22,0.832
Jeurys Familia,544727,59.33,27,34,1.028
Jake Faria,607188,32.66,13,23,1.102
Buck Farmer,571656,35.33,21,26,1.33
Luke Farrell,608652,24.66,13,18,1.257
Erick Fedde,607200,133.33,48,90,1.035
Michael Feliz,593140,20,7,19,1.3
Neftali Feliz,491703,4,1,2,0.75
Ryan Feltner,663372,6.33,5,6,1.738
Julian Fernandez,642759,6.66,4,6,1.502
Junior Fernandez,658551,20.66,15,15,1.452
J. P. Feyereisen,656420,56,33,19,0.929
Mike Fiers,571666,9.33,4,10,1.501
Kyle Finnegan,640448,66,34,39,1.106
Jay Flaa,664852,2.66,3,2,1.88
Jack Flaherty,656427,78.33,26,31,0.728
Josh Fleming,676596,104.33,31,61,0.882
Aaron Fletcher,667465,3.66,1,3,1.093
Chris Flexen,623167,179.66,40,104,0.802
Bernardo Flores,641576,0,2,1,0
Dylan Floro,571670,64,25,30,0.859
Jason Foley,671345,10.33,5,5,0.968
Mike Foltynewicz,592314,139,36,102,0.993
Matt Foster,641582,39,13,23,0.923
Seth Frankoff,571676,14.66,9,13,1.501
Kyle Freeland,607536,120.66,38,70,0.895
Mike Freeman,502273,0.33,0,0,0
Luis Frias,666818,3.33,5,2,2.102
Max Fried,608331,165.66,41,70,0.67
Jace Fry,605240,6.66,6,6,1.802
Paul Fry,643316,47.33,35,19,1.141
Joshua Fuentes,658069,1,0,1,1
Carson Fulmer,608334,25.66,13,17,1.169
Michael Fulmer,605242,69.66,20,31,0.732
Kyle Funkhouser,608335,68.33,38,35,1.068
Giovanny Gallegos,606149,80.33,20,31,0.635
Zac Gallen,668678,121.33,49,64,0.931
John Gant,607231,110,71,54,1.136
Bryan Garcia,650530,39.33,25,28,1.348
Deivi Garcia,665620,8.33,4,4,0.96
Edgar Garcia,658305,14.66,8,10,1.228
Jarlin Garcia,606424,68.66,18,32,0.728
Luis Garcia,472610,33.33,8,13,0.63
Luis Garcia,677651,155.33,50,83,0.856
Robel Garcia,596825,1,0,2,2
Rony Garcia,665621,3.66,2,1,0.82
Yimi Garcia,554340,57.66,18,25,0.746
Amir Garrett,607237,47.66,29,32,1.28
Braxton Garrett,666129,34,20,23,1.265
Justin Garza,621057,28.66,18,19,1.291
Ralph Garza,621248,30.33,14,15,0.956
Kevin Gausman,592332,192,50,99,0.776
Domingo German,593334,98.33,27,56,0.844
Ian Gibaut,664139,6.66,2,6,1.201
Kyle Gibson,502043,182,64,85,0.819
Luis Gil,661563,29.33,19,13,1.091
Logan Gilbert,669302,119.33,28,76,0.872
Tyler Gilbert,656457,40,13,13,0.65
Lucas Gilbreath,656458,42.66,23,15,0.891
Kevin Ginkel,656464,28.33,14,15,1.024
Lucas Giolito,608337,178.66,52,71,0.688
Mychal Givens,571710,51,27,18,0.882
Tyler Glasnow,607192,88,27,39,0.75
Zack Godley,643327,3.33,5,3,2.402
Austin Gomber,596295,115.33,41,60,0.876
Stephen Gonsalves,624427,4.33,2,1,0.693
Tony Gonsolin,664062,55.66,34,22,1.006
Marco Gonzales,594835,143.33,42,89,0.914
Chi Chi Gonzalez,592346,101.66,28,82,1.082
Marwin Gonzalez,503556,1,0,0,0
Romy Gonzalez,663853,0.33,0,0,0
Victor Gonzalez,624647,35.33,19,15,0.962
Anthony Gose,543238,6.66,2,1,0.45
Ashton Goudeau,623485,34.33,17,15,0.932
Brusdar Graterol,660813,33.33,13,14,0.81
Kendall Graveman,608665,56,20,17,0.661
Jon Gray,592351,149,58,87,0.973
Josiah Gray,680686,70.66,33,37,0.991
Sonny Gray,543243,135.33,50,61,0.82
Chad Green,643338,83.66,17,37,0.645
Conner Greene,641632,25.33,12,15,1.066
Shane Greene,572888,23.66,14,19,1.395
Zack Greinke,425844,171,36,96,0.772
Robert Gsellman,607229,28.66,7,11,0.628
Reymin Guduan,594056,14.33,5,7,0.837
Sean Guenther,674944,20.33,10,13,1.131
Deolis Guerra,500610,65.66,20,30,0.761
Javy Guerra,457915,6,3,9,2
Javy Guerra,642770,3.66,2,2,1.093
Junior Guerra,448855,65.33,46,33,1.209
Luis Guillorme,641645,1,1,1,2
Preston Guilmet,543258,2,0,2,1
Jandel Gustave,594311,18.33,5,6,0.6
Vladimir Gutiérrez,661269,114,46,66,0.982
Jorge Guzman,660422,1.66,6,2,4.819
Josh Hader,623352,58.66,24,12,0.614
Jesse Hahn,534910,3.33,4,4,2.402
David Hale,571735,26.66,9,20,1.088
J. D. Hammer,670456,20,11,12,1.15
Brad Hand,543272,64.66,26,28,0.835
Eric Hanhold,621098,10.33,3,9,1.162
J. A. Happ,457918,152.33,48,106,1.011
Blaine Hardy,543278,1,1,0,1
Ryne Harper,607560,35.66,14,13,0.757
Will Harris,501789,6,3,4,1.167
Geoff Hartlieb,664129,9,11,5,1.778
Ryan Hartman,670057,2.33,0,3,1.288
Hunter Harvey,640451,8.66,3,6,1.039
Matt Harvey,518774,127.66,37,86,0.963
Thomas Hatch,641672,9.33,6,10,1.715
Louis Head,545343,35,9,9,0.514
Andrew Heaney,571760,129.66,41,73,0.879
Taylor Hearn,621368,104.33,42,52,0.901
Jonathan Heasley,669169,14.66,3,15,1.228
Ryan Helsley,664854,47.33,27,26,1.12
Heath Hembree,592390,58,24,27,0.879
Kyle Hendricks,543294,181,44,112,0.862
Liam Hendriks,521230,71,7,26,0.465
Ryan Hendrix,641682,31.66,16,20,1.137
Sam Hentges,656529,68.66,32,48,1.165
Jimmy Herget,623474,18.66,4,11,0.804
Carlos Hernandez,672578,85.66,41,36,0.899
Darwinzon Hernandez,650382,40,31,18,1.225
Elieser Hernandez,622694,51.66,14,34,0.929
David Hess,605276,20,11,20,1.55
Codi Heuer,676051,67.33,23,35,0.861
Jordan Hicks,663855,10,10,1,1.1
Trevor Hildenberger,657610,2.33,3,1,1.717
Rich Hill,448179,158.66,55,81,0.857
Tim Hill,657612,59.66,23,30,0.888
Jeff Hoffman,656546,73,45,41,1.178
Bryan Holaday,592407,1,1,1,2
Derek Holland,502706,49.66,20,35,1.108
Greg Holland,518813,55.66,26,29,0.988
Jordan Holloway,656548,36,26,13,1.083
Clay Holmes,605280,70,29,29,0.829
Brock Holt,571788,1,0,1,1
Brent Honeywell,641703,4.33,3,4,1.617
Tanner Houck,656557,69,21,28,0.71
Adrian Houser,605288,142.33,64,66,0.913
Sam Howard,607572,45,32,18,1.111
Spencer Howard,675921,49.66,27,25,1.047
James Hoyt,624586,8,7,3,1.25
Dakota Hudson,641712,8.66,1,2,0.346
Daniel Hudson,543339,51.66,16,30,0.89
Tommy Hunter,488984,8,3,2,0.625
Drew Hutchison,571800,21.33,11,10,0.985
Raisel Iglesias,628452,70,12,29,0.586
Cole Irvin,608344,178.33,42,114,0.875
Tyler Ivey,663959,4.66,1,5,1.288
Andre Jackson,656578,11.66,6,4,0.858
Jay Jackson,543351,21.66,12,10,1.016
Luke Jackson,592426,63.66,29,33,0.974
Josh James,657624,5,2,2,0.8
Mickey Jannis,595263,3.33,4,8,3.604
Kenley Jansen,445276,69,36,16,0.754
Cristian Javier,664299,101.33,53,46,0.977
Griffin Jax,643377,82,29,57,1.049
Daulton Jefferies,641726,15,4,6,0.667
Jake Jewell,657228,10,5,10,1.5
Joe Jimenez,641729,45.33,35,20,1.213
DJ Johnson,597113,4.33,0,2,0.462
Pierce Johnson,572955,58.66,27,22,0.835
Damon Jones,676103,0.33,2,0,6.061
Nate Jones,518858,19,12,11,1.211
Jakob Junis,596001,39.33,12,28,1.017
Janson Junk,676083,16.33,2,9,0.674
James Kaprielian,621076,119.33,41,67,0.905
James Karinchak,675916,55.33,32,20,0.94
Anthony Kay,641743,33.66,18,20,1.129
Scott Kazmir,431148,11.33,6,10,1.412
Keone Kela,605309,10.66,3,6,0.844
Brad Keller,641745,133.66,64,89,1.145
Kyle Keller,664918,33.33,22,17,1.17
Mitch Keller,656605,100.66,49,89,1.371
Joe Kelly,523260,44,15,16,0.705
Merrill Kelly,518876,158,41,98,0.88
Ian Kennedy,453178,56.33,17,33,0.888
Clayton Kershaw,477132,121.66,21,60,0.666
Dallas Keuchel,572971,162,59,117,1.086
Mike Kickham,592464,2,1,5,3
Yusei Kikuchi,579328,157,62,103,1.051
Kwang Hyun Kim,547942,106.66,39,57,0.9
Craig Kimbrel,518886,59.66,23,19,0.704
John King,667463,46,12,20,0.696
Mike King,650633,63.33,24,30,0.853
Tyler Kinley,641755,70.33,26,31,0.81
Brandon Kintzler,445213,29.66,8,29,1.247
Andrew Kittredge,552640,71.66,15,30,0.628
Gabe Klobosits,656620,11.33,5,10,1.324
Corey Kluber,446372,80,33,41,0.925
Andrew Knapp,595284,0.33,0,0,0
Corey Knebel,608349,25.66,9,7,0.624
Reiss Knehr,663753,29,20,14,1.172
Dusten Knight,643400,8.66,5,5,1.155
Brody Koerner,621259,3,2,2,1.333
Adam Kolarek,592473,9,5,10,1.667
Michael Kopech,656629,69.33,24,29,0.764
Jackson Kowar,663804,30.33,20,31,1.682
Max Kranick,668820,38.66,19,23,1.086
Joey Krehbiel,607216,8.33,5,3,0.96
Dean Kremer,665152,53.66,25,46,1.323
Brooks Kriske,621139,11.33,6,12,1.589
Ian Krol,571871,18.66,8,10,0.965
Chad Kuhl,641771,80.33,42,39,1.008
Brady Lail,621078,2,0,2,1
Travis Lakins,664042,28,17,12,1.036
Jimmy Lambert,669424,13,6,7,1
Peter Lambert,663567,5.66,2,8,1.767
Dinelson Lamet,659275,47,22,24,0.979
Alex Lange,656638,35.66,16,23,1.094
Jake Latz,656641,4.66,0,4,0.858
Eric Lauer,641778,118.66,41,53,0.792
Derek Law,571882,15,8,11,1.267
Justin Lawrence,664875,16.66,19,10,1.741
Wade LeBlanc,453281,49,17,30,0.959
Dylan Lee,669276,2,0,2,1
Sandy Leon,506702,6,1,5,1
Dominic Leone,608678,53.66,22,19,0.764
Jon Lester,452657,141.33,55,95,1.061
Josh Lindblom,458676,16.66,10,16,1.561
Zack Littell,641793,61.66,24,31,0.892
Mauricio Llovera,661440,6.66,4,7,1.652
Jonathan Loaisiga,642528,70.66,16,25,0.58
Kyle Lobstein,543456,1.33,1,2,2.256
Sam Long,669674,40.66,15,21,0.885
Jorge Lopez,605347,121.66,56,96,1.249
Pablo Lopez,641154,102.66,26,49,0.731
Reynaldo Lopez,625643,57.66,13,26,0.676
Yoan López,661255,12.33,6,9,1.217
Michael Lorenzen,547179,29,14,15,1
Aaron Loup,571901,56.66,16,25,0.724
Richard Lovelady,663992,20.66,6,9,0.726
Zac Lowther,675912,29.66,13,26,1.315
Joey Lucchesi,664192,38.33,11,21,0.835
Lucas Luetge,476595,72.33,15,31,0.636
Seth Lugo,607625,46.33,19,27,0.993
Jordan Luplow,656669,1,0,2,2
Jesus Luzardo,666200,95.33,48,58,1.112
Jordan Lyles,543475,180,56,128,1.022
Daniel Lynch,663738,68,31,53,1.235
Lance Lynn,458681,157,45,61,0.675
Andres Machado,600921,35.66,15,14,0.813
Luis Madero,650347,12,8,11,1.583
Kenta Maeda,628317,106.33,32,62,0.884
Tyler Mahle,641816,180,64,85,0.828
Luke Maile,571912,1,0,1,1
Sean Manaea,640455,179.33,41,114,0.864
Matt Manning,666159,85.33,33,62,1.113
Alek Manoah,666201,111.66,40,40,0.716
Joe Mantiply,573009,39.66,17,28,1.135
Dillon Maples,596027,31.33,25,8,1.053
Nick Margevicius,676606,12,7,7,1.167
German Marquez,608566,180,64,104,0.933
Evan Marshall,605359,27.33,9,17,0.951
Jose Marte,665896,4,3,3,1.5
Brett Martin,656685,62.33,14,28,0.674
Chris Martin,455119,43.33,6,34,0.923
Corbin Martin,656686,16,14,18,2
Carlos Martinez,593372,82.33,36,49,1.032
Seth Martinez,661527,3,3,3,2
Wyatt Mathisen,621500,1,0,1,1
Nick Maton,665155,0.33,0,0,0
Phil Maton,664208,66.66,32,32,0.96
Isaac Mattson,676755,4.33,5,2,1.617
Steven Matz,571927,150.66,43,96,0.923
Tyler Matzek,554431,63,37,23,0.952
Dustin May,669160,23,6,12,0.783
Trevor May,543507,62.66,24,30,0.862
Mike Mayers,594577,75,26,40,0.88
Jack Mayfield,608686,0.33,0,0,0
Tim Mayza,641835,53,12,23,0.66
Chris Mazza,607391,27.33,7,13,0.732
Darren McCaughan,670766,9,4,6,1.111
Shane McClanahan,663556,123.33,37,75,0.908
Lance McCullers,621121,162.33,76,68,0.887
T. J. McFarland,519008,38.66,9,20,0.75
Jake McGee,459429,59.66,10,34,0.738
Kyle McGowin,641851,30,14,12,0.867
Collin McHugh,543521,64,12,25,0.578
Triston McKenzie,663474,120,58,57,0.958
Alex McRae,656725,2,1,3,2
John Means,607644,146.66,26,81,0.73
Nick Mears,683232,23.33,13,10,0.986
Adonis Medina,658431,7.66,4,6,1.305
Trevor Megill,656730,23.66,8,24,1.352
Tylor Megill,656731,89.66,27,59,0.959
Ryan Meisinger,664682,7.33,5,8,1.774
Francisco Mejia,642336,2,0,3,1.5
Humberto Mejia,650668,22.33,9,19,1.254
J. C. Mejia,650496,52.33,24,41,1.242
Mark Melancon,453343,64.66,25,23,0.742
Keury Mella,622492,1.66,2,4,3.614
Danny Mendick,664901,1,0,1,1
Conner Menez,669214,14,3,9,0.857
Yermin Mercedes,606213,1,2,0,2
Julian Merryweather,657240,13,4,6,0.769
Keynan Middleton,641871,31,19,16,1.129
Miles Mikolas,571945,44.66,11,26,0.828
Wade Miley,489119,163,50,91,0.865
Andrew Miller,453192,36,16,24,1.111
Justin Miller,502522,19,6,15,1.105
Shelby Miller,571946,12.66,11,9,1.58
Alec Mills,621219,119,34,76,0.924
Wyatt Mills,670090,12.66,7,8,1.185
Hoby Milner,571948,21.66,3,17,0.923
Tommy Milone,543548,14,3,11,1
Juan Minaya,573668,40,20,15,0.875
Mike Minor,501985,158.66,41,91,0.832
A. J. Minter,621345,52.33,20,24,0.841
Anthony Misiewicz,664948,54.66,15,38,0.97
Bryan Mitchell,571951,4,2,3,1.25
Casey Mize,663554,150.33,41,75,0.772
Sam Moll,594580,10.33,5,5,0.968
Frankie Montas,593423,187,57,100,0.84
Rafael Montero,606160,49.33,17,26,0.872
Jordan Montgomery,656756,157.33,51,83,0.852
Matt Moore,519043,73,38,50,1.205
Jovani Moran,663558,8,7,1,1
Adrián Morejón,670970,4.66,2,5,1.502
Mitch Moreland,519048,1,0,0,0
Dauri Moreta,664294,3.66,1,1,0.546
Adam Morgan,605388,25.33,12,14,1.026
Eli Morgan,669212,89.33,22,56,0.873
Shawn Morimando,596049,10.33,5,6,1.065
Reyes Moronta,606625,4,0,1,0.25
Charlie Morton,450203,185.66,58,69,0.684
Kyle Muller,666205,36.66,20,17,1.009
Andres Munoz,662253,0.66,2,0,3.03
Patrick Murphy,641907,28,10,22,1.143
Joe Musgrove,605397,181.33,54,82,0.75
Tommy Nance,667297,28.66,13,18,1.082
Packy Naughton,676050,22.66,14,18,1.412
Nick Neidert,663734,35.66,23,19,1.178
Jimmy Nelson,519076,29,13,7,0.69
Kyle Nelson,669459,9.66,8,6,1.449
Nick Nelson,656793,14.33,16,11,1.884
Hector Neris,593576,74.33,32,33,0.874
Jake Newberry,623470,4.33,3,5,1.848
Sean Newcomb,656794,32.33,27,17,1.361
Ljay Newsome,664714,14.66,3,14,1.16
Vinny Nittoli,657697,1,2,1,3
Stephen Nogosek,668665,3,0,2,0.667
John Nogowski,596056,3,0,2,0.667
Aaron Nola,605400,180.66,39,93,0.731
Sean Nolin,543594,26.66,13,17,1.125
Daniel Norris,596057,57,30,41,1.246
Aaron Northcraft,573062,8,8,5,1.625
James Norwood,656803,5,3,4,1.4
Darien Núñez,628345,7.66,4,5,1.175
Riley O'Brien,676617,1.33,3,2,3.759
Darren O'Day,503285,10.66,4,3,0.657
Bailey Ober,641927,92.33,19,56,0.812
Jake Odorizzi,543606,104.66,34,63,0.927
Shohei Ohtani,660271,130.33,44,62,0.813
Steven Okert,595345,36,15,14,0.806
Kaleb Ort,672391,0.33,1,0,3.03
Oliver Ortega,661383,9.33,2,9,1.179
Josh Osich,592612,14.33,5,7,0.837
Corey Oswalt,621261,10.33,2,7,0.871
Adam Ottavino,493603,62,35,28,1.016
Glenn Otto,657248,23.33,8,16,1.029
Connor Overton,656818,15.33,5,8,0.848
Johan Oviedo,670912,62.33,37,34,1.139
Luis Oviedo,665854,29.66,26,22,1.618
Chris Paddack,663978,108.33,22,67,0.822
Emilio Pagan,641941,63.33,18,39,0.9
Enoli Paredes,660600,8.66,17,6,2.656
Blake Parker,453284,43.66,14,20,0.779
Luis Patino,672715,77.33,29,36,0.841
Spencer Patton,607359,42.33,15,18,0.78
David Paulino,600944,2,0,2,1
James Paxton,572020,1.33,1,0,0.752
Joel Payamps,606303,50.33,14,22,0.715
Brad Peacock,502748,5.33,3,4,1.313
Matt Peacock,676840,86.33,28,69,1.124
Nate Pearson,663878,15,12,10,1.467
Elvis Peguero,665625,2.33,3,3,2.575
Félix Peña,570240,1.66,4,3,4.217
David Peralta,444482,1,0,3,3
Freddy Peralta,642547,144.33,56,44,0.693
Wandy Peralta,593974,51,21,22,0.843
Wily Peralta,503449,93.66,38,50,0.94
Angel Perdomo,622780,17,16,7,1.353
Cionel Pérez,672335,24,20,16,1.5
Francisco Perez,660906,6.66,3,3,0.901
Hernan Perez,541650,2,0,0,0
Martin Perez,527048,114,36,77,0.991
Oliver Perez,424144,3.66,1,4,1.366
Dillon Peters,596071,26.66,10,15,0.938
David Peterson,656849,66.66,29,42,1.065
Jace Peterson,607054,2,1,1,1
Yusmeiro Petit,433589,78,12,39,0.654
Jake Petricka,502593,6,7,4,1.833
David Phelps,475479,10.33,4,3,0.678
Brett Phillips,621433,1,2,0,2
Evan Phillips,623465,13.33,5,8,0.975
Kevin Pillar,607680,0.33,0,0,0
Michael Pineda,501381,109.33,21,72,0.851
Nick Pivetta,601713,155,65,79,0.929
Kevin Plawecki,608700,1,0,0,0
Zach Plesac,668676,142.66,34,87,0.848
Adam Plutko,592644,56.33,27,44,1.26
Drew Pomeranz,519141,25.66,10,12,0.857
Daniel Ponce de Leon,594965,33.33,22,19,1.23
Cody Ponce,664074,38.33,11,35,1.2
Zach Pop,647315,54.66,24,25,0.896
Sean Poppen,664092,22.66,9,19,1.236
Cody Poteet,547001,30.66,16,19,1.142
Ryan Pressly,519151,64,13,28,0.641
David Price,456034,73.66,26,47,0.991
Austin Pruitt,643493,7.33,0,5,0.682
A. J. Puk,640462,13.33,6,14,1.5
Kevin Quackenbush,534812,0.33,0,2,6.061
Cal Quantrill,615698,149.66,47,74,0.808
Jose Quijada,650671,25.66,15,14,1.13
Jose Quintana,500779,63,35,46,1.286
Tanner Rainey,663432,31.66,25,17,1.327
Brooks Raley,548384,49,16,13,0.592
Erasmo Ramirez,541640,26.66,5,13,0.675
Nick Ramirez,598286,20.33,7,14,1.033
Noe Ramirez,598287,36,12,16,0.778
Roel Ramirez,641995,0.33,2,1,9.091
Yefry Ramirez,606162,2,1,0,0.5
Yohan Ramirez,670990,27.66,12,11,0.832
AJ Ramos,573109,4.66,2,0,0.429
Drew Rasmussen,656876,76,25,45,0.921
Robbie Ray,592662,193.33,52,97,0.771
Colin Rea,607067,6,0,6,1
Josh Reddick,502210,0.66,1,1,3.03
Cody Reed,642003,9.66,6,4,1.035
Jake Reed,596082,10,2,6,0.8
Sean Reid-Foley,656887,20.66,9,14,1.113
Alex Reyes,621052,72.33,52,27,1.092
Garrett Richards,572070,136.66,60,110,1.244
Trevor Richards,670950,64.33,22,31,0.824
Stephen Ridings,670050,5,2,3,1
Yacksel Rios,605441,27.33,16,14,1.098
Anthony Rizzo,519203,0.66,1,0,1.515
Tanner Roark,543699,7,2,6,1.143
Daniel Robertson,621002,1,0,1,1
David Robertson,502085,12,4,6,0.833
Hansel Robles,570663,69,37,38,1.087
Carlos Rodon,607074,132.66,36,56,0.694
Chris Rodriguez,669735,29.66,15,14,0.978
Eduardo Rodriguez,593958,157.66,47,84,0.831
Jefry Rodriguez,622446,24.33,17,18,1.439
Joely Rodriguez,570257,46.33,18,25,0.928
Manuel Rodríguez,655889,17.66,12,13,1.416
Nivaldo Rodriguez,670550,7.33,4,4,1.091
Richard Rodriguez,593144,64.33,10,31,0.637
Chaz Roe,475054,0.66,1,1,3.03
Jake Rogers,668670,1,1,1,2
Josh Rogers,642028,35.66,14,22,1.01
Taylor Rogers,573124,40.33,8,17,0.62
Trevor Rogers,669432,133,46,57,0.774
Tyler Rogers,643511,81,13,38,0.63
Jordan Romano,605447,63,25,26,0.81
Sal Romano,607219,25,11,17,1.12
Jhon Romero,664584,4,0,4,1
JoJo Romero,668941,9,4,7,1.222
Andrew Romine,461865,1,0,2,2
Sergio Romo,489265,61.66,21,20,0.665
Angel Rondon,667373,2,1,0,0.5
Joe Ross,605452,108,34,62,0.889
Zac Rosscup,573127,3,1,3,1.333
Ramon Rosso,665759,8,3,7,1.25
Ben Rowen,594985,11.33,2,9,0.971
Michael Rucker,621074,28.33,11,20,1.094
Darin Ruf,573131,1,0,1,1
Jose Ruiz,614179,65,25,34,0.908
Joe Ryan,657746,26.66,5,9,0.525
Kyle Ryan,594986,13.33,6,12,1.35
Hyun Jin Ryu,547943,169,37,110,0.87
Casey Sadler,594987,40.33,10,10,0.496
Chris Sale,519242,42.66,12,20,0.75
Adrian Sampson,592716,35.33,8,24,0.906
Aaron Sanchez,592717,35.33,15,20,0.991
Cristopher Sanchez,650911,12.66,7,8,1.185
Miguel Sanchez,667376,26,14,18,1.231
Nick Sandlin,680704,33.66,17,9,0.772
Patrick Sandoval,663776,87,36,35,0.816
Reiver Sanmartin,665665,11.66,2,5,0.6
Dennis Santana,642701,54.66,32,19,0.933
Edgar Santana,650828,42.66,12,20,0.75
Ervin Santana,429722,65.33,22,38,0.918
Hector Santiago,502327,26.33,11,19,1.139
Tony Santillan,663574,43.33,21,24,1.039
Antonio Santos,665733,11.33,5,4,0.794
Gregory Santos,666619,2,2,5,3.5
Tayler Saucedo,642048,25.66,10,16,1.013
Hirokazu Sawamura,617228,53,32,26,1.094
Josh Sborz,622250,59,32,34,1.119
Mac Sceroler,669135,7.66,7,10,2.219
Max Scherzer,453286,179.33,36,70,0.591
Clarke Schmidt,657376,6.33,5,4,1.422
John Schreiber,670167,3,1,2,1
Max Schrock,621011,1.66,0,0,0
Tanner Scott,656945,54,37,22,1.093
Andre Scrubb,668687,19.66,14,10,1.221
Connor Seabold,657756,3,2,3,1.667
Sam Selman,572125,25,12,10,0.88
Antonio Senzatela,622608,156.66,32,110,0.906
Luis Severino,622663,6,1,2,0.5
Paul Sewald,623149,64.66,24,27,0.789
Bryan Shaw,543766,77.33,38,38,0.983
Jordan Sheffield,642068,29.33,13,10,0.784
Justus Sheffield,656954,80.33,43,75,1.469
James Sherfy,642073,15,4,4,0.533
Ryan Sherriff,595411,14.66,9,8,1.16
Matt Shoemaker,533167,60.33,27,44,1.177
Chasen Shreve,592741,56.33,28,25,0.941
Lucas Sims,608371,47,18,20,0.809
Brady Singer,663903,128.33,53,81,1.044
Brandyn Sittinger,670087,4.66,2,5,1.502
Tarik Skubal,669373,149.33,47,87,0.897
Austin Slater,596103,0.33,1,0,3.03
Aaron Slegers,642083,31,15,29,1.419
Devin Smeltzer,656970,4.66,1,0,0.215
Burch Smith,572143,43.33,11,33,1.015
Caleb Smith,592761,113.66,63,48,0.977
Drew Smith,622098,41.33,16,18,0.823
Joe Smith,501925,39.66,8,24,0.807
Riley Smith,642092,67.33,15,51,0.98
Will Smith,519293,68,28,32,0.882
Drew Smyly,592767,126.66,41,81,0.963
Kirby Snead,669912,7.66,2,3,0.653
Blake Snell,605483,128.66,69,57,0.979
Nicklaus Snyder,676766,3.66,3,0,0.82
Eric Sogard,519299,4.33,0,5,1.155
Peter Solomon,656981,14,8,6,1
Joakim Soria,465657,37.33,12,24,0.964
Gregory Soto,642397,63.66,40,22,0.974
Gabe Speier,642100,7.66,0,2,0.261
Shea Spitzbarth,665661,5,2,2,0.8
Jeffrey Springs,605488,44.66,14,17,0.694
Craig Stammen,489334,88.33,13,41,0.611
Ryne Stanek,592773,68.33,37,29,0.966
Cody Stashak,664054,15.66,10,11,1.341
Josh Staumont,622251,65.66,27,27,0.822
Drew Steckenrider,608716,67.66,17,33,0.739
Justin Steele,657006,57,27,28,0.965
Trevor Stephan,663986,63.33,31,33,1.011
Robert Stephenson,596112,46,18,22,0.87
Kohl Stewart,640464,13.66,6,12,1.318
Jonathan Stiever,680692,0,0,0,0
Robert Stock,476594,9,9,8,1.889
Matt Strahm,621381,6.66,1,7,1.201
Stephen Strasburg,544931,21.66,14,9,1.062
Chris Stratton,608717,79.33,33,37,0.882
Hunter Strickland,519326,58.66,22,25,0.801
Spencer Strider,675911,2.33,1,1,0.858
Ross Stripling,548389,101.33,30,61,0.898
Marcus Stroman,573186,179,44,95,0.777
Pedro Strop,467008,2,2,1,1.5
Jose Suarez,660761,98.33,36,41,0.783
Ranger Suarez,624133,106,33,42,0.708
Wander Suero,593833,42.66,15,31,1.078
Cole Sulser,642121,63.33,23,32,0.868
Brent Suter,608718,73.33,24,40,0.873
Erik Swanson,657024,35.33,10,14,0.679
Anthony Swarzak,461872,12.33,1,10,0.892
Noah Syndergaard,592789,2,0,2,1
Thomas Szapucki,663378,3.66,3,5,2.186
Jameson Taillon,592791,144.33,44,79,0.852
Domingo Tapia,593619,33.66,15,13,0.832
Stephen Tarpley,605501,0,2,0,0
Dillon Tate,622253,67.66,23,34,0.842
Mike Tauchman,643565,1,0,2,2
Blake Taylor,642130,42.66,22,17,0.914
Josh Taylor,657031,47.66,23,27,1.049
Julio Teheran,527054,5,3,3,1.2
Ryan Tepera,572193,61.33,19,19,0.62
Caleb Thielbar,573204,64,20,33,0.828
Keegan Thompson,624522,53.33,31,32,1.181
Mason Thompson,666168,24.66,15,19,1.379
Ryan Thompson,657044,34,9,16,0.735
Zach Thompson,605507,75,28,30,0.773
Trent Thornton,663423,49,16,40,1.143
Lewis Thorpe,626929,15.33,7,12,1.239
Ty Tice,676709,8,5,6,1.375
Jesus Tinoco,622786,1.33,1,3,3.008
Ka'ai Tom,664789,1,0,0,0
Josh Tomlin,458708,49.33,5,37,0.851
Justin Topa,623437,3.33,1,7,2.402
Ronald Torreyes,591720,2.66,0,5,1.88
Touki Toussaint,657053,50,22,33,1.1
Blake Treinen,595014,72.33,25,16,0.567
Lou Trivino,642152,73.66,34,30,0.869
Nick Tropeano,607374,8,3,3,0.75
Spencer Turnbull,605513,50,12,20,0.64
Justin Turner,457759,1,0,2,2
Kyle Tyler,667725,12.33,6,3,0.73
Edwin Uceta,670955,20.33,12,13,1.23
Duane Underwood,621249,72.66,27,44,0.977
Jose Urena,570632,100.66,42,70,1.113
Julio Urias,628711,185.66,38,77,0.619
Jose Urquidy,664353,107,19,50,0.645
Pat Valaika,642162,1.33,0,0,0
Cesar Valdez,491624,46,14,34,1.043
Framber Valdez,664285,134.66,58,65,0.913
Phillips Valdez,570488,40,19,19,0.95
Andrew Vasquez,607755,1.66,0,1,0.602
Vince Velasquez,592826,94.33,49,58,1.134
Alex Vesia,681911,40,22,11,0.825
Will Vest,676684,35,18,21,1.114
Nick Vincent,543883,12.66,5,4,0.711
Austin Voth,608723,57.33,28,35,1.099
Michael Wacha,608379,124.66,31,83,0.914
Brandon Waddell,663399,9.33,9,12,2.251
Konner Wade,592831,12.33,5,10,1.217
Adam Wainwright,425794,206.33,50,89,0.674
Taijuan Walker,592836,159,55,79,0.843
Andrew Wantz,681806,27.33,11,10,0.768
Art Warren,605521,21,8,4,0.571
Austin Warren,681810,20.33,5,13,0.885
Spenser Watkins,657093,54.66,19,43,1.134
Tony Watson,453265,57.33,18,21,0.68
Ryan Weathers,677960,94.66,30,64,0.993
Luke Weaver,596133,65.66,20,36,0.853
Jacob Webb,657097,34.33,14,14,0.816
Logan Webb,657277,148.33,36,66,0.688
Tyler Webb,643778,16.33,19,14,2.021
Ryan Weber,543901,9.66,4,10,1.449
Jordan Weems,607179,5.66,6,4,1.767
Patrick Weigel,622256,4,4,1,1.25
Alexander Wells,649144,42.66,16,34,1.172
Tyler Wells,669330,57,12,26,0.667
J. B. Wendelken,605525,43.66,22,26,1.099
Zack Wheeler,554430,213.33,46,85,0.614
Mitch White,669952,46.66,17,20,0.793
Kodi Whitley,676831,25.33,12,8,0.79
Garrett Whitlock,676477,73.33,17,40,0.777
Rowan Wick,592858,23,14,8,0.957
Taylor Widener,642203,70.33,37,45,1.166
Brad Wieck,623364,17,10,6,0.941
Stevie Wilkerson,592859,1,0,2,2
Devin Williams,642207,54,28,18,0.852
Taylor Williams,592865,11.66,8,8,1.372
Trevor Williams,592866,91,31,58,0.978
Bryse Wilson,669060,74,22,52,1
Justin Wilson,458677,34,16,15,0.912
Dan Winkler,595465,39.66,30,18,1.21
Matt Wisler,605538,48.66,11,17,0.575
Nick Wittgren,621295,62.33,17,48,1.043
Asher Wojciechowski,592879,4,3,2,1.25
Alex Wood,622072,138.66,39,70,0.786
Hunter Wood,621056,5,2,2,0.8
Jake Woodford,663765,67.66,25,44,1.02
Brandon Woodruff,605540,179.33,43,66,0.608
Brandon Workman,519443,28,21,22,1.536
Kyle Wright,657140,6.33,5,6,1.738
Mike Wright,605541,18,11,7,1
Austin Wynns,642851,1,0,1,1
Miguel Yajure,664337,15,7,12,1.267
Jordan Yamamoto,657141,6.66,2,5,1.051
Hyeon-jong Yang,660365,35.33,16,24,1.132
Ryan Yarbrough,642232,155,27,81,0.697
Eric Yardley,642233,18.66,10,16,1.393
Huascar Ynoa,660623,91,25,54,0.868
Alex Young,622065,52,27,37,1.231
Daniel Zamora,623354,4.33,1,3,0.924
Angel Zerpa,672582,5,1,1,0.4
T. J. Zeuch,643615,15,9,15,1.6
Kyle Zimmer,622092,54,30,27,1.056
Bruce Zimmermann,669145,64.33,22,49,1.104
Jordan Zimmermann,519455,5.66,2,4,1.06
Tyler Zuber,676604,27.33,17,16,1.207